ðŸ’—,testing uwu
ðŸ”¥,love ya
ðŸ¥¹,hehe
loved,woah
loved,woah
,lovely
,wohoooooooooooo
,wohoooooooooooo
,yeah
,hi
,jdiadj
,yo
,yo
,goofyyyyyy
,yesssss it works!!!
,yeppp
,final testing done..works well!!
magical,mood coming?
magical,mood coming?indusifube;ofubirf indusifube;ofubirfindusifube;ofubirfindusifube;ofubirfindusifube;ofubirfindusifube;ofubirfindusifube;ofubirfindusifube;ofubirfindusifube;ofubirfindusifube;ofubirfindusifube;ofubirfindusifube;ofubirfindusifube;ofubirfindusifube;ofubirfindusifube;ofubirfindusifube;ofubirfindusifube;ofubirfindusifube;ofubirfindusifube;ofubirfindusifube;ofubirfindusifube;ofubirfindusifube;ofubirfindusifube;ofubirfindusifube;ofubirfindusifube;ofubirfindusifube;ofubirfindusifube;ofubirfindusifube;ofubirfindusifube;ofubirfindusifube;ofubirfindusifube;ofubirfindusifube;ofubirfindusifube;ofubirfindusifube;ofubirfindusifube;ofubirfindusifube;ofubirfindusifube;ofubirfindusifube;ofubirfindusifube;ofubirfindusifube;ofubirfindusifube;ofubirfindusifube;ofubirfindusifube;ofubirfindusifube;ofubirfindusifube;ofubirfindusifube;ofubirfindusifube;ofubirfindusifube;ofubirfindusifube;ofubirfindusifube;ofubirfindusifube;ofubirfindusifube;ofubirf
loved,last testing b4 render
loved,uwu
